shapeName_adm2,shapeID_adm2,shapeName_adm1,shapeID_adm1,overlap_adm1,treatment,esa_lc_2015_rainfed_cropland,esa_lc_2015_mosaic_cropland,esa_lc_2015_forest,esa_lc_2015_urban,esa_lc_2015_irrigated_cropland,esa_lc_2015_grassland,esa_lc_2015_shrubland,esa_lc_2015_water_bodies,esa_lc_2015_bare_areas,esa_lc_2015_wetland,esa_lc_2015_sparse_vegetation,esa_lc_2020_rainfed_cropland,esa_lc_2020_mosaic_cropland,esa_lc_2020_forest,esa_lc_2020_urban,esa_lc_2020_irrigated_cropland,esa_lc_2020_grassland,esa_lc_2020_shrubland,esa_lc_2020_water_bodies,esa_lc_2020_bare_areas,esa_lc_2020_wetland,esa_lc_2020_sparse_vegetation
Wassa Amenfi Central,2480657B10255028610816,Western Region,69750345B38025690459934,0.9812052698666636,0,13367.0,1404.0,5378.0,21.0,0.0,0.0,0.0,0.0,0.0,0.0,0.0,13239.0,1398.0,5506.0,27.0,0.0,0.0,0.0,0.0,0.0,0.0,0.0
Tamale Metropolitan,2480657B1027184338147,Northern Region,69750345B37738609557703,0.9988063084820558,0,3909.0,1210.0,1139.0,194.0,1.0,2.0,768.0,4.0,0.0,0.0,0.0,3811.0,1195.0,1260.0,317.0,1.0,2.0,637.0,4.0,0.0,0.0,0.0
Old Tafo Municipal,2480657B10806173713075,Ashanti Region,69750345B3295588325057,1.0,1,12.0,0.0,0.0,355.0,0.0,0.0,0.0,0.0,0.0,0.0,0.0,2.0,0.0,0.0,365.0,0.0,0.0,0.0,0.0,0.0,0.0,0.0
Ayensuano,2480657B11085167902059,Eastern Region,69750345B54645730941985,1.000000000000003,1,5389.0,123.0,62.0,14.0,0.0,0.0,0.0,0.0,0.0,0.0,0.0,5389.0,123.0,62.0,14.0,0.0,0.0,0.0,0.0,0.0,0.0,0.0
Dormaa West,2480657B11503231198633,Bono Region,69750345B13833050062966,0.9922777304169613,0,4002.0,140.0,118.0,28.0,0.0,0.0,0.0,0.0,0.0,0.0,0.0,4002.0,139.0,118.0,29.0,0.0,0.0,0.0,0.0,0.0,0.0,0.0
Agotime Ziope,2480657B11620193732867,Volta Region,69750345B58204744476950,0.9857626629555292,0,2215.0,869.0,498.0,3.0,0.0,0.0,5.0,0.0,0.0,0.0,0.0,2084.0,785.0,713.0,3.0,0.0,0.0,5.0,0.0,0.0,0.0,0.0
Accra Metropolis,2480657B11720749290533,Greater Accra Region,69750345B46963341226980,0.9965400797241076,1,1.0,0.0,0.0,76.0,0.0,1.0,0.0,5.0,0.0,0.0,0.0,0.0,0.0,0.0,78.0,0.0,0.0,0.0,5.0,0.0,0.0,0.0
Ablekuma West Municipal,2480657B12570528382412,Greater Accra Region,69750345B46963341226980,0.9986858370861089,1,1.0,0.0,0.0,161.0,0.0,1.0,0.0,16.0,0.0,0.0,0.0,0.0,0.0,0.0,163.0,0.0,0.0,0.0,16.0,0.0,0.0,0.0
Wassa Amenfi West,2480657B13145859726554,Western Region,69750345B38025690459934,0.909582790973479,0,12168.0,857.0,2928.0,36.0,0.0,0.0,1.0,0.0,0.0,0.0,0.0,12143.0,854.0,2947.0,45.0,0.0,0.0,1.0,0.0,0.0,0.0,0.0
Nkwanta South Municipal,2480657B13680530894334,Oti Region,69750345B12045161590865,0.989182314866514,0,3930.0,8664.0,15954.0,26.0,52.0,6.0,543.0,537.0,28.0,0.0,0.0,3627.0,7433.0,17543.0,27.0,33.0,6.0,506.0,537.0,28.0,0.0,0.0
Tain,2480657B14065489870616,Bono Region,69750345B13833050062966,1.0000000000000007,1,4945.0,5493.0,9059.0,96.0,0.0,0.0,340.0,0.0,0.0,0.0,0.0,4879.0,5475.0,9139.0,102.0,0.0,0.0,338.0,0.0,0.0,0.0,0.0
Atwima Nwabiagya North,2480657B14484334363928,Ashanti Region,69750345B3295588325057,1.0000000000000004,0,2233.0,83.0,13.0,68.0,0.0,0.0,2.0,43.0,0.0,0.0,0.0,2161.0,80.0,13.0,143.0,0.0,0.0,2.0,43.0,0.0,0.0,0.0
Atwima Kwanwoma,2480657B14749544754301,Ashanti Region,69750345B3295588325057,1.0000000000000027,0,2463.0,0.0,0.0,400.0,0.0,0.0,0.0,0.0,0.0,0.0,0.0,2238.0,0.0,0.0,625.0,0.0,0.0,0.0,0.0,0.0,0.0,0.0
Chereponi,2480657B14989848452061,North East Region,69750345B94584643914501,0.966831609301212,0,4748.0,1781.0,1940.0,8.0,4.0,3.0,6668.0,45.0,0.0,0.0,0.0,4990.0,1796.0,2011.0,12.0,4.0,4.0,6335.0,45.0,0.0,0.0,0.0
Wassa Amenfi East,2480657B15365927336493,Western Region,69750345B38025690459934,0.9591972930922783,1,11421.0,1162.0,4355.0,45.0,0.0,0.0,0.0,0.0,0.0,0.0,0.0,11299.0,1152.0,4443.0,89.0,0.0,0.0,0.0,0.0,0.0,0.0,0.0
Gomoa Central,2480657B15531990631346,Central Region,69750345B67040307067067,0.9982948160343352,0,746.0,119.0,45.0,58.0,0.0,18.0,375.0,52.0,0.0,0.0,0.0,734.0,117.0,59.0,65.0,0.0,16.0,370.0,52.0,0.0,0.0,0.0
Offinso North,2480657B15542052325310,Ashanti Region,69750345B3295588325057,0.9389366712983412,1,7061.0,2828.0,563.0,39.0,0.0,0.0,6.0,0.0,0.0,0.0,0.0,7021.0,2783.0,644.0,43.0,0.0,0.0,6.0,0.0,0.0,0.0,0.0
Yunyoo-nasuan,2480657B16330149254954,North East Region,69750345B94584643914501,0.9999999999999998,1,3809.0,1043.0,41.0,0.0,0.0,0.0,538.0,0.0,0.0,0.0,0.0,3817.0,1040.0,42.0,0.0,0.0,0.0,532.0,0.0,0.0,0.0,0.0
Dormaa East,2480657B16380673722667,Bono Region,69750345B13833050062966,0.9992058973013914,0,5978.0,235.0,5.0,77.0,0.0,0.0,2.0,0.0,0.0,0.0,0.0,5972.0,234.0,8.0,81.0,0.0,0.0,2.0,0.0,0.0,0.0,0.0
Akwapem North,2480657B16553972090858,Eastern Region,69750345B54645730941985,0.9999999999999982,0,3422.0,31.0,0.0,40.0,0.0,0.0,0.0,0.0,0.0,0.0,0.0,3418.0,31.0,0.0,44.0,0.0,0.0,0.0,0.0,0.0,0.0,0.0
Asante Akim Central Municipal,2480657B1767599566587,Ashanti Region,69750345B3295588325057,0.9999999999999993,0,3181.0,137.0,0.0,109.0,0.0,0.0,0.0,0.0,0.0,0.0,0.0,3162.0,137.0,0.0,128.0,0.0,0.0,0.0,0.0,0.0,0.0,0.0
Mamprugu Moagduri,2480657B18075285363234,North East Region,69750345B94584643914501,0.9504488003242865,0,1721.0,766.0,10483.0,1.0,2.0,0.0,10353.0,4.0,0.0,0.0,0.0,2085.0,735.0,11462.0,1.0,2.0,0.0,9041.0,4.0,0.0,0.0,0.0
Bolga  East,2480657B19171272300465,Upper East Region,69750345B7467317238909,1.0000000000000004,0,828.0,2.0,0.0,7.0,25.0,0.0,0.0,0.0,0.0,0.0,0.0,828.0,2.0,0.0,7.0,25.0,0.0,0.0,0.0,0.0,0.0,0.0
Awutu Senya,2480657B19246099956301,Central Region,69750345B67040307067067,0.9728463267601203,0,2746.0,10.0,1.0,36.0,0.0,0.0,8.0,2.0,0.0,0.0,0.0,2746.0,10.0,1.0,36.0,0.0,0.0,8.0,2.0,0.0,0.0,0.0
Bolgatanga Municipal,2480657B19364380807593,Upper East Region,69750345B7467317238909,0.9999999999999992,1,1968.0,199.0,469.0,76.0,29.0,0.0,951.0,2.0,0.0,0.0,0.0,1956.0,188.0,659.0,100.0,29.0,0.0,760.0,2.0,0.0,0.0,0.0
Bodi,2480657B1960270363323,Western North Region,69750345B35244651716901,0.9999999999999986,1,6603.0,42.0,686.0,30.0,0.0,0.0,0.0,0.0,0.0,0.0,0.0,6636.0,42.0,644.0,39.0,0.0,0.0,0.0,0.0,0.0,0.0,0.0
Tarkwa Nsuaem,2480657B19905724513669,Western Region,69750345B38025690459934,1.0000000000000013,0,6084.0,1291.0,2120.0,390.0,0.0,3.0,75.0,0.0,0.0,0.0,0.0,5885.0,1134.0,2173.0,721.0,0.0,3.0,47.0,0.0,0.0,0.0,0.0
Awutu Senya East,2480657B20036139360918,Central Region,69750345B67040307067067,0.8503332339834001,0,828.0,141.0,0.0,249.0,0.0,3.0,21.0,39.0,0.0,0.0,0.0,716.0,132.0,0.0,369.0,0.0,3.0,22.0,39.0,0.0,0.0,0.0
Hohoe Municipal,2480657B20464126159243,Volta Region,69750345B58204744476950,0.9980307699990186,1,4032.0,2382.0,1085.0,83.0,0.0,0.0,0.0,0.0,0.0,0.0,0.0,3950.0,2339.0,1170.0,123.0,0.0,0.0,0.0,0.0,0.0,0.0,0.0
East Gonja Municipal,2480657B20562210440652,Savannah Region,69750345B26994269439887,0.9984069432337381,0,212.0,87.0,22230.0,1.0,3.0,10.0,1432.0,531.0,0.0,0.0,0.0,189.0,85.0,22311.0,1.0,3.0,10.0,1376.0,531.0,0.0,0.0,0.0
Adaklu,2480657B20696154785284,Volta Region,69750345B58204744476950,1.0000000000000016,0,3727.0,2171.0,2873.0,0.0,0.0,0.0,13.0,0.0,0.0,0.0,0.0,3007.0,1538.0,4227.0,0.0,0.0,0.0,12.0,0.0,0.0,0.0,0.0
Keta Municipal,2480657B20833842549797,Volta Region,69750345B58204744476950,0.9982671808927648,0,1353.0,360.0,338.0,202.0,45.0,54.0,590.0,2700.0,53.0,4.0,0.0,1245.0,292.0,496.0,303.0,39.0,57.0,511.0,2706.0,49.0,1.0,0.0
Sene East,2480657B21050367867823,Bono East Region,69750345B43572680159989,0.9999088040275768,1,1013.0,886.0,34828.0,12.0,4.0,18.0,2331.0,8246.0,66.0,2.0,0.0,940.0,828.0,34996.0,18.0,4.0,18.0,2319.0,8176.0,105.0,2.0,0.0
Jirapa,2480657B21686152565613,Upper West Region,69750345B48673213774244,0.9999564564706578,0,1692.0,4994.0,53.0,10.0,3.0,0.0,6349.0,2.0,0.0,0.0,0.0,1699.0,5042.0,184.0,21.0,3.0,0.0,6152.0,2.0,0.0,0.0,0.0
Banda,2480657B21856882152043,Bono Region,69750345B13833050062966,0.9756617170374241,0,90.0,112.0,22108.0,13.0,0.0,0.0,708.0,1815.0,0.0,208.0,0.0,91.0,118.0,22090.0,13.0,0.0,0.0,711.0,1823.0,0.0,208.0,0.0
Ekumfi,2480657B22323593180175,Central Region,69750345B67040307067067,0.9981617728524751,0,2464.0,167.0,266.0,76.0,0.0,0.0,41.0,80.0,0.0,2.0,0.0,2457.0,167.0,263.0,87.0,0.0,0.0,41.0,80.0,0.0,1.0,0.0
Ayawaso West,2480657B22724340600972,Greater Accra Region,69750345B46963341226980,1.0000000000000009,1,6.0,18.0,0.0,398.0,0.0,0.0,0.0,0.0,0.0,0.0,0.0,1.0,7.0,1.0,413.0,0.0,0.0,0.0,0.0,0.0,0.0,0.0
Twifo Atti-morkwa,2480657B2289284937660,Central Region,69750345B67040307067067,0.9937252587582139,0,7133.0,558.0,2723.0,57.0,0.0,0.0,5.0,0.0,0.0,0.0,0.0,7132.0,558.0,2723.0,58.0,0.0,0.0,5.0,0.0,0.0,0.0,0.0
Asunafo South,2480657B2337940648547,Ahafo Region,69750345B39836988306125,0.9114579032903983,0,8128.0,199.0,1904.0,45.0,0.0,0.0,14.0,0.0,0.0,0.0,0.0,8125.0,199.0,1903.0,49.0,0.0,0.0,14.0,0.0,0.0,0.0,0.0
Ablekuma North Municipal,2480657B23952932171735,Greater Accra Region,69750345B46963341226980,1.0000000000000004,0,1.0,0.0,0.0,373.0,0.0,0.0,0.0,0.0,0.0,0.0,0.0,1.0,0.0,0.0,373.0,0.0,0.0,0.0,0.0,0.0,0.0,0.0
Ga East,2480657B24635332146555,Greater Accra Region,69750345B46963341226980,0.9999999999999996,1,381.0,3.0,0.0,643.0,0.0,0.0,2.0,0.0,0.0,0.0,0.0,257.0,0.0,0.0,771.0,0.0,0.0,1.0,0.0,0.0,0.0,0.0
Pru East,2480657B24672710685383,Bono East Region,69750345B43572680159989,0.9999770988070636,0,1267.0,1474.0,12047.0,48.0,0.0,14.0,1141.0,1998.0,1.0,0.0,0.0,1198.0,1438.0,12167.0,72.0,0.0,13.0,1103.0,1998.0,1.0,0.0,0.0
Nanumba South,2480657B24752518727633,Northern Region,69750345B37738609557703,0.998793720632337,1,6442.0,9104.0,2844.0,5.0,12.0,2.0,1108.0,303.0,0.0,2.0,0.0,6206.0,8457.0,3859.0,10.0,9.0,2.0,972.0,305.0,0.0,2.0,0.0
Assin Fosu,2480657B24956698199939,Central Region,69750345B67040307067067,1.0000000000000016,0,2512.0,284.0,271.0,71.0,0.0,0.0,0.0,0.0,0.0,0.0,0.0,2508.0,285.0,271.0,74.0,0.0,0.0,0.0,0.0,0.0,0.0,0.0
Amansie Central,2480657B25462964367622,Ashanti Region,69750345B3295588325057,0.9995770064689927,0,7546.0,226.0,1655.0,47.0,0.0,0.0,3.0,0.0,0.0,0.0,0.0,7375.0,208.0,1840.0,51.0,0.0,0.0,3.0,0.0,0.0,0.0,0.0
Suhum Municipal,2480657B2570339807900,Eastern Region,69750345B54645730941985,1.0000000000000016,1,3976.0,4.0,0.0,55.0,0.0,0.0,0.0,0.0,0.0,0.0,0.0,3973.0,4.0,0.0,58.0,0.0,0.0,0.0,0.0,0.0,0.0,0.0
Atwima Mponua,2480657B25907117051030,Ashanti Region,69750345B3295588325057,0.9815692703677468,1,14009.0,786.0,5748.0,91.0,0.0,0.0,4.0,0.0,0.0,0.0,0.0,14015.0,778.0,5728.0,112.0,0.0,0.0,5.0,0.0,0.0,0.0,0.0
Asikuma-odoben-brakwa,2480657B2595733520620,Central Region,69750345B67040307067067,1.0000000000000009,1,7944.0,427.0,20.0,67.0,0.0,0.0,0.0,0.0,0.0,0.0,0.0,7935.0,426.0,30.0,67.0,0.0,0.0,0.0,0.0,0.0,0.0,0.0
Obuasi East,2480657B26017273678273,Ashanti Region,69750345B3295588325057,1.0000000000000002,0,739.0,19.0,35.0,86.0,0.0,0.0,2.0,1.0,0.0,0.0,0.0,731.0,19.0,35.0,94.0,0.0,0.0,2.0,1.0,0.0,0.0,0.0
Gomoa East,2480657B26264719340764,Central Region,69750345B67040307067067,0.9990921868448638,1,5189.0,363.0,71.0,280.0,0.0,12.0,81.0,43.0,0.0,0.0,0.0,4975.0,343.0,70.0,502.0,0.0,10.0,96.0,43.0,0.0,0.0,0.0
Talensi,2480657B26285365473669,Upper East Region,69750345B7467317238909,0.999768567328616,0,2678.0,1253.0,2242.0,1.0,65.0,0.0,3196.0,2.0,0.0,0.0,0.0,2555.0,1153.0,3409.0,1.0,70.0,0.0,2247.0,2.0,0.0,0.0,0.0
Adenta Municipal,2480657B26321648161032,Greater Accra Region,69750345B46963341226980,0.9999999999999993,1,240.0,75.0,0.0,596.0,0.0,0.0,13.0,4.0,0.0,0.0,0.0,128.0,36.0,0.0,754.0,0.0,0.0,6.0,4.0,0.0,0.0,0.0
Akwapem South,2480657B26354408705676,Eastern Region,69750345B54645730941985,0.9217366166843468,0,2521.0,16.0,5.0,19.0,0.0,0.0,0.0,0.0,0.0,0.0,0.0,2521.0,16.0,5.0,19.0,0.0,0.0,0.0,0.0,0.0,0.0,0.0
Wa Municipal,2480657B26357719954092,Upper West Region,69750345B48673213774244,0.9999999999999978,0,1461.0,2039.0,48.0,89.0,0.0,0.0,2846.0,3.0,0.0,0.0,0.0,1476.0,2160.0,54.0,164.0,0.0,0.0,2629.0,3.0,0.0,0.0,0.0
Wenchi Municipal,2480657B27014820297576,Bono Region,69750345B13833050062966,0.9898243961512588,1,3071.0,4150.0,5277.0,103.0,0.0,0.0,79.0,0.0,0.0,0.0,0.0,3041.0,4068.0,5377.0,115.0,0.0,0.0,79.0,0.0,0.0,0.0,0.0
Nadowli-kaleo,2480657B27045720373273,Upper West Region,69750345B48673213774244,0.9999278900515873,0,1221.0,4086.0,11.0,4.0,0.0,0.0,7156.0,8.0,0.0,0.0,0.0,1288.0,4253.0,13.0,12.0,0.0,0.0,6912.0,8.0,0.0,0.0,0.0
Afigya Kwabre South,2480657B27047738560833,Ashanti Region,69750345B3295588325057,1.0000000000000009,0,2279.0,14.0,0.0,238.0,0.0,0.0,4.0,6.0,0.0,0.0,0.0,2062.0,6.0,0.0,463.0,0.0,0.0,4.0,6.0,0.0,0.0,0.0
Savelugu,2480657B27215926841583,Northern Region,69750345B37738609557703,0.9989745380344819,1,5410.0,2645.0,2264.0,10.0,182.0,6.0,6523.0,57.0,0.0,6.0,0.0,5696.0,2734.0,2606.0,52.0,181.0,6.0,5765.0,57.0,0.0,6.0,0.0
South Dayi,2480657B27395942809935,Volta Region,69750345B58204744476950,0.9573253855339312,0,2031.0,359.0,227.0,23.0,0.0,0.0,26.0,1366.0,0.0,0.0,0.0,1844.0,262.0,506.0,28.0,0.0,0.0,26.0,1366.0,0.0,0.0,0.0
Biakoye,2480657B27736636353654,Oti Region,69750345B12045161590865,0.9997857839531764,0,4729.0,2422.0,1248.0,37.0,1.0,0.0,102.0,3675.0,1.0,0.0,0.0,4587.0,2229.0,1613.0,40.0,0.0,0.0,89.0,3651.0,6.0,0.0,0.0
Ejura-sekyedumase,2480657B28564915274944,Ashanti Region,69750345B3295588325057,0.9289625292127408,0,5731.0,3124.0,5690.0,68.0,0.0,0.0,70.0,0.0,0.0,0.0,0.0,5480.0,2897.0,6164.0,76.0,0.0,0.0,66.0,0.0,0.0,0.0,0.0
Kadjebi,2480657B29295475961782,Oti Region,69750345B12045161590865,0.9928850629018573,0,2309.0,1767.0,3526.0,14.0,0.0,0.0,6.0,0.0,0.0,0.0,0.0,2280.0,1743.0,3573.0,20.0,0.0,0.0,6.0,0.0,0.0,0.0,0.0
Ayawaso East Municipal,2480657B29980074443403,Greater Accra Region,69750345B46963341226980,1.0000000000000002,0,0.0,0.0,0.0,86.0,0.0,0.0,0.0,0.0,0.0,0.0,0.0,0.0,0.0,0.0,86.0,0.0,0.0,0.0,0.0,0.0,0.0,0.0
Bosome Freho,2480657B30283206314404,Ashanti Region,69750345B3295588325057,0.9998823410098014,0,4521.0,326.0,1489.0,45.0,0.0,0.0,0.0,33.0,0.0,0.0,0.0,4683.0,332.0,1321.0,45.0,0.0,0.0,0.0,33.0,0.0,0.0,0.0
Abura-asebu-kwamankese,2480657B30493820921,Central Region,69750345B67040307067067,0.9982712646444936,0,4102.0,8.0,8.0,144.0,0.0,0.0,0.0,16.0,0.0,0.0,0.0,4092.0,8.0,9.0,153.0,0.0,0.0,0.0,16.0,0.0,0.0,0.0
North East Gonja,2480657B30922977157044,Savannah Region,69750345B26994269439887,0.9994747440901242,0,3837.0,4959.0,45262.0,26.0,12.0,16.0,7219.0,4854.0,4.0,8.0,8.0,3452.0,4322.0,46842.0,43.0,11.0,13.0,6647.0,4855.0,4.0,8.0,8.0
Ajumako-enyan-essiam,2480657B3117094904377,Central Region,69750345B67040307067067,1.0000000000000022,0,5698.0,0.0,4.0,76.0,0.0,0.0,9.0,9.0,0.0,0.0,0.0,5698.0,0.0,4.0,76.0,0.0,0.0,9.0,9.0,0.0,0.0,0.0
Cape Coast Metropolitan,2480657B31989943834082,Central Region,69750345B67040307067067,0.9837675050796552,0,994.0,12.0,42.0,341.0,0.0,0.0,1.0,54.0,0.0,2.0,0.0,985.0,9.0,40.0,355.0,0.0,0.0,1.0,54.0,0.0,2.0,0.0
Sekyere Kumawu,2480657B32008532681061,Ashanti Region,69750345B3295588325057,0.9999999999999982,0,5112.0,1042.0,34.0,46.0,0.0,0.0,212.0,0.0,0.0,0.0,0.0,5111.0,1041.0,36.0,47.0,0.0,0.0,211.0,0.0,0.0,0.0,0.0
Akyem Mansa,2480657B32538733435540,Eastern Region,69750345B54645730941985,0.998893009375355,0,6481.0,76.0,185.0,73.0,0.0,0.0,0.0,0.0,0.0,0.0,0.0,6466.0,71.0,201.0,77.0,0.0,0.0,0.0,0.0,0.0,0.0,0.0
Pru West,2480657B32965552352903,Bono East Region,69750345B43572680159989,0.9999273369586157,0,206.0,124.0,16673.0,14.0,0.0,0.0,112.0,0.0,0.0,0.0,0.0,169.0,82.0,16751.0,15.0,0.0,0.0,112.0,0.0,0.0,0.0,0.0
Sekondi Takoradi Metropolis,2480657B3368374944964,Western Region,69750345B38025690459934,0.984020846329763,0,520.0,23.0,20.0,424.0,0.0,0.0,3.0,63.0,0.0,0.0,0.0,470.0,14.0,12.0,493.0,0.0,0.0,1.0,63.0,0.0,0.0,0.0
Tema Metropolitan,2480657B34044169329977,Greater Accra Region,69750345B46963341226980,0.9906685280300804,0,0.0,0.0,0.0,484.0,1.0,0.0,1.0,30.0,0.0,0.0,0.0,0.0,0.0,0.0,485.0,0.0,0.0,1.0,30.0,0.0,0.0,0.0
North Tongu,2480657B35012095074914,Volta Region,69750345B58204744476950,0.9945440169855564,0,7936.0,1729.0,1203.0,38.0,0.0,0.0,1215.0,261.0,8.0,4.0,0.0,7619.0,1641.0,1538.0,40.0,0.0,0.0,1283.0,261.0,8.0,4.0,0.0
Wa West,2480657B35206472883168,Upper West Region,69750345B48673213774244,0.9405693596567636,0,665.0,5284.0,245.0,0.0,2.0,0.0,10187.0,10.0,0.0,0.0,0.0,683.0,5539.0,321.0,0.0,2.0,0.0,9838.0,10.0,0.0,0.0,0.0
Ho Municipal,2480657B35240131522033,Volta Region,69750345B58204744476950,0.9985529892574869,0,3086.0,1189.0,2008.0,118.0,0.0,0.0,18.0,0.0,0.0,0.0,0.0,2845.0,1053.0,2356.0,149.0,0.0,0.0,16.0,0.0,0.0,0.0,0.0
Korle Klottey Municipal,2480657B35357833911053,Greater Accra Region,69750345B46963341226980,0.9990982011917957,0,0.0,0.0,0.0,131.0,0.0,0.0,0.0,5.0,0.0,0.0,0.0,0.0,0.0,0.0,131.0,0.0,0.0,0.0,5.0,0.0,0.0,0.0
Bawku West,2480657B35637781657714,Upper East Region,69750345B7467317238909,0.9993987089632211,0,6429.0,1279.0,1912.0,9.0,0.0,0.0,2273.0,12.0,0.0,0.0,0.0,6441.0,1276.0,2619.0,22.0,0.0,0.0,1544.0,12.0,0.0,0.0,0.0
Tolon,2480657B36155100412367,Northern Region,69750345B37738609557703,0.9482084672654478,0,7374.0,1678.0,2754.0,9.0,40.0,0.0,3059.0,20.0,0.0,0.0,0.0,7427.0,1668.0,2954.0,12.0,40.0,0.0,2813.0,20.0,0.0,0.0,0.0
Central Tongu,2480657B36678414015123,Volta Region,69750345B58204744476950,0.9999999999999983,0,5274.0,1609.0,194.0,5.0,0.0,0.0,373.0,117.0,0.0,0.0,0.0,5198.0,1579.0,318.0,5.0,0.0,0.0,355.0,117.0,0.0,0.0,0.0
Nzema East,2480657B37092877755739,Western Region,69750345B38025690459934,0.9987531197313916,0,6949.0,2251.0,2618.0,19.0,0.0,0.0,1.0,63.0,0.0,19.0,0.0,6659.0,2200.0,2953.0,20.0,0.0,0.0,1.0,63.0,0.0,24.0,0.0
Amansie South,2480657B37143689168174,Ashanti Region,69750345B3295588325057,0.986259505063628,0,5040.0,288.0,1232.0,73.0,0.0,0.0,5.0,0.0,0.0,0.0,0.0,4607.0,272.0,1605.0,151.0,0.0,0.0,3.0,0.0,0.0,0.0,0.0
Asuogyaman,2480657B37277876999120,Eastern Region,69750345B54645730941985,0.5219099900040661,1,3794.0,923.0,512.0,35.0,72.0,0.0,36.0,3069.0,0.0,0.0,0.0,3719.0,891.0,647.0,37.0,60.0,0.0,50.0,3037.0,0.0,0.0,0.0
Sene West,2480657B37380438315906,Bono East Region,69750345B43572680159989,0.9999295598369978,0,567.0,622.0,31883.0,31.0,0.0,14.0,909.0,1283.0,13.0,0.0,0.0,550.0,594.0,31939.0,35.0,0.0,14.0,920.0,1257.0,13.0,0.0,0.0
Sekyere Afram Plains North,2480657B37542209080123,Ashanti Region,69750345B3295588325057,0.9679482149199161,0,3282.0,1419.0,30707.0,3.0,0.0,0.0,2965.0,0.0,0.0,0.0,0.0,3197.0,1340.0,31382.0,3.0,0.0,0.0,2454.0,0.0,0.0,0.0,0.0
Nkoranza South,2480657B38880944597072,Bono East Region,69750345B43572680159989,0.9186568377016358,0,3860.0,3768.0,2422.0,88.0,0.0,0.0,8.0,0.0,0.0,0.0,0.0,3638.0,3506.0,2887.0,107.0,0.0,0.0,8.0,0.0,0.0,0.0,0.0
Asante Akim South,2480657B39079904074923,Ashanti Region,69750345B3295588325057,0.9168106938224125,0,9788.0,1240.0,1564.0,98.0,0.0,0.0,2.0,0.0,0.0,0.0,0.0,9788.0,1240.0,1556.0,106.0,0.0,0.0,2.0,0.0,0.0,0.0,0.0
Ga North Municipal,2480657B39319620746428,Greater Accra Region,69750345B46963341226980,0.81712512098803,1,1074.0,15.0,10.0,361.0,0.0,0.0,0.0,0.0,0.0,0.0,0.0,844.0,10.0,6.0,600.0,0.0,0.0,0.0,0.0,0.0,0.0,0.0
Bole,2480657B39398526932747,Savannah Region,69750345B26994269439887,0.9946549633214052,0,202.0,301.0,56226.0,38.0,2.0,0.0,8314.0,1477.0,0.0,169.0,0.0,168.0,286.0,57099.0,66.0,2.0,0.0,7458.0,1486.0,0.0,164.0,0.0
Agona West Municipal,2480657B39435178884870,Central Region,69750345B67040307067067,0.9987967869008828,1,3873.0,6.0,1.0,115.0,0.0,0.0,0.0,0.0,0.0,0.0,0.0,3873.0,6.0,1.0,115.0,0.0,0.0,0.0,0.0,0.0,0.0,0.0
Ellembelle,2480657B39512912083476,Western Region,69750345B38025690459934,0.9991329044601949,0,5942.0,1790.0,2968.0,102.0,0.0,2.0,18.0,88.0,0.0,6.0,0.0,6113.0,1823.0,2752.0,112.0,0.0,2.0,19.0,88.0,0.0,7.0,0.0
Ada West,2480657B39710750100206,Greater Accra Region,69750345B46963341226980,0.9652699828584185,1,1930.0,726.0,18.0,137.0,5.0,48.0,383.0,186.0,174.0,2.0,0.0,1839.0,702.0,15.0,275.0,5.0,44.0,371.0,186.0,170.0,2.0,0.0
Kpando Municipal,2480657B39800519073464,Volta Region,69750345B58204744476950,0.9999999999999996,0,1120.0,849.0,453.0,48.0,0.0,0.0,57.0,967.0,1.0,0.0,0.0,1033.0,793.0,574.0,75.0,0.0,0.0,53.0,967.0,0.0,0.0,0.0
Suaman,2480657B41275879010095,Western North Region,69750345B35244651716901,0.9997825277512019,1,3641.0,39.0,749.0,12.0,0.0,0.0,0.0,0.0,0.0,0.0,0.0,3621.0,37.0,761.0,22.0,0.0,0.0,0.0,0.0,0.0,0.0,0.0
Ga South Municipal,2480657B41485746076017,Greater Accra Region,69750345B46963341226980,0.8956896599301523,0,1915.0,27.0,39.0,1.0,0.0,14.0,13.0,9.0,0.0,0.0,0.0,1915.0,27.0,39.0,1.0,0.0,14.0,13.0,9.0,0.0,0.0,0.0
Mion,2480657B42193515445029,Northern Region,69750345B37738609557703,0.9999277257038243,0,3988.0,3277.0,11521.0,0.0,0.0,0.0,11043.0,2.0,0.0,0.0,0.0,4151.0,2974.0,13335.0,0.0,3.0,0.0,9366.0,2.0,0.0,0.0,0.0
Fanteakwa North,2480657B42231307300111,Eastern Region,69750345B54645730941985,1.0000000000000029,0,5938.0,1055.0,952.0,22.0,7.0,22.0,171.0,1028.0,0.0,0.0,0.0,5945.0,1042.0,958.0,24.0,7.0,22.0,169.0,1028.0,0.0,0.0,0.0
Abuakwa North,2480657B42374646075926,Eastern Region,69750345B54645730941985,0.9999999999999989,0,1573.0,198.0,8.0,30.0,0.0,0.0,0.0,0.0,0.0,0.0,0.0,1571.0,198.0,8.0,32.0,0.0,0.0,0.0,0.0,0.0,0.0,0.0
Ayawaso North Municipal,2480657B42813544323317,Greater Accra Region,69750345B46963341226980,0.9999999999999999,1,0.0,0.0,0.0,80.0,0.0,0.0,0.0,0.0,0.0,0.0,0.0,0.0,0.0,0.0,80.0,0.0,0.0,0.0,0.0,0.0,0.0,0.0
Obuasi Municipal,2480657B43720081643569,Ashanti Region,69750345B3295588325057,0.9999999999999991,0,1081.0,69.0,40.0,460.0,0.0,0.0,21.0,12.0,0.0,0.0,0.0,1047.0,64.0,26.0,514.0,0.0,0.0,20.0,12.0,0.0,0.0,0.0
Assin North,2480657B44214183650816,Central Region,69750345B67040307067067,0.9432487166131628,0,7909.0,124.0,27.0,39.0,0.0,0.0,2.0,0.0,0.0,0.0,0.0,7899.0,121.0,37.0,42.0,0.0,0.0,2.0,0.0,0.0,0.0,0.0
Jaman North,2480657B44306962794399,Bono Region,69750345B13833050062966,0.855626432323662,1,1172.0,2622.0,7133.0,115.0,0.0,0.0,258.0,0.0,0.0,0.0,0.0,1170.0,2619.0,7130.0,123.0,0.0,0.0,258.0,0.0,0.0,0.0,0.0
Twifo Hemang Lower Denkyira,2480657B44541331554905,Central Region,69750345B67040307067067,0.9826222532685496,0,5413.0,278.0,691.0,28.0,0.0,0.0,2.0,0.0,0.0,0.0,0.0,5405.0,273.0,700.0,32.0,0.0,0.0,2.0,0.0,0.0,0.0,0.0
Atwima Nwabiagya South,2480657B44972771575405,Ashanti Region,69750345B3295588325057,1.0000000000000042,0,3701.0,39.0,11.0,367.0,0.0,0.0,0.0,6.0,0.0,0.0,0.0,3515.0,35.0,11.0,557.0,0.0,0.0,0.0,6.0,0.0,0.0,0.0
Afadzato South,2480657B45105521184723,Volta Region,69750345B58204744476950,0.9994458061773894,0,2675.0,1726.0,1615.0,9.0,0.0,0.0,30.0,184.0,0.0,0.0,0.0,2604.0,1666.0,1738.0,17.0,0.0,0.0,30.0,184.0,0.0,0.0,0.0
Upper Denkyira East Municipal,2480657B45731574572143,Central Region,69750345B67040307067067,0.9650226936398636,1,4800.0,527.0,251.0,78.0,0.0,0.0,5.0,0.0,0.0,0.0,0.0,4783.0,525.0,257.0,91.0,0.0,0.0,5.0,0.0,0.0,0.0,0.0
Adansi Asokwa,2480657B45906044715427,Ashanti Region,69750345B3295588325057,0.9999999999999987,0,5193.0,282.0,1179.0,39.0,0.0,0.0,0.0,0.0,0.0,0.0,0.0,5201.0,282.0,1171.0,39.0,0.0,0.0,0.0,0.0,0.0,0.0,0.0
Ho West,2480657B47242267083805,Volta Region,69750345B58204744476950,0.9992563533365433,0,5550.0,1412.0,4194.0,14.0,0.0,0.0,2.0,0.0,0.0,0.0,0.0,5313.0,1255.0,4587.0,15.0,0.0,0.0,2.0,0.0,0.0,0.0,0.0
Sekyere Central,2480657B47319682331963,Ashanti Region,69750345B3295588325057,0.9988780431997301,0,4700.0,2531.0,9604.0,32.0,0.0,0.0,938.0,0.0,0.0,0.0,0.0,4556.0,2387.0,10080.0,33.0,0.0,0.0,749.0,0.0,0.0,0.0,0.0
Afigya Kwabre North,2480657B47912218033723,Ashanti Region,69750345B3295588325057,1.0000000000000013,0,2051.0,76.0,11.0,24.0,0.0,0.0,0.0,0.0,0.0,0.0,0.0,2051.0,76.0,11.0,24.0,0.0,0.0,0.0,0.0,0.0,0.0,0.0
Suame Municipal,2480657B48966175900279,Ashanti Region,69750345B3295588325057,1.0000000000000007,0,84.0,0.0,2.0,260.0,0.0,1.0,0.0,0.0,0.0,0.0,0.0,49.0,0.0,2.0,296.0,0.0,0.0,0.0,0.0,0.0,0.0,0.0
Effia Kwesimintsim Municipal,2480657B49181902253284,Western Region,69750345B38025690459934,1.0000000000000004,0,929.0,3.0,5.0,294.0,0.0,0.0,4.0,0.0,0.0,0.0,0.0,901.0,2.0,1.0,330.0,0.0,0.0,1.0,0.0,0.0,0.0,0.0
Krachi East Municipal,2480657B4921606442052,Oti Region,69750345B12045161590865,0.9999824191292256,0,3780.0,7223.0,6899.0,40.0,4.0,24.0,1036.0,10902.0,51.0,4.0,2.0,3510.0,6766.0,7651.0,74.0,2.0,22.0,986.0,10896.0,52.0,4.0,2.0
Lawra,2480657B49975124320145,Upper West Region,69750345B48673213774244,0.9999932019670511,0,1154.0,3267.0,2.0,5.0,4.0,0.0,1526.0,0.0,0.0,0.0,0.0,1148.0,3220.0,6.0,9.0,4.0,0.0,1571.0,0.0,0.0,0.0,0.0
Kwahu West,2480657B50723205918173,Eastern Region,69750345B54645730941985,0.989384059755329,0,2885.0,1272.0,260.0,123.0,0.0,0.0,2.0,4.0,0.0,0.0,0.0,2856.0,1272.0,260.0,152.0,0.0,0.0,2.0,4.0,0.0,0.0,0.0
Builsa South,2480657B50810028950834,Upper East Region,69750345B7467317238909,0.9960434871411263,1,1345.0,1069.0,4620.0,0.0,1.0,0.0,6796.0,0.0,0.0,0.0,0.0,1451.0,1164.0,5157.0,0.0,1.0,0.0,6058.0,0.0,0.0,0.0,0.0
Kintampo South,2480657B51466124780551,Bono East Region,69750345B43572680159989,0.9816663165679582,0,1099.0,2065.0,13299.0,46.0,0.0,0.0,76.0,0.0,0.0,0.0,0.0,972.0,1879.0,13610.0,49.0,0.0,0.0,75.0,0.0,0.0,0.0,0.0
Fanteakwa South,2480657B5172435396617,Eastern Region,69750345B54645730941985,0.9999999999999986,0,2419.0,487.0,157.0,5.0,0.0,0.0,0.0,0.0,0.0,0.0,0.0,2413.0,486.0,156.0,13.0,0.0,0.0,0.0,0.0,0.0,0.0,0.0
Wa East,2480657B52594370214383,Upper West Region,69750345B48673213774244,0.9906086696287943,0,392.0,1049.0,18744.0,0.0,0.0,0.0,26518.0,0.0,0.0,0.0,0.0,508.0,1247.0,19405.0,0.0,0.0,0.0,25543.0,0.0,0.0,0.0,0.0
Ketu North,2480657B52907018957478,Volta Region,69750345B58204744476950,0.9993080961455363,0,3432.0,708.0,28.0,56.0,342.0,0.0,125.0,36.0,0.0,0.0,0.0,3418.0,706.0,35.0,61.0,340.0,0.0,131.0,36.0,0.0,0.0,0.0
Juaben Municipal,2480657B53382680619634,Ashanti Region,69750345B3295588325057,0.9999999999999993,0,1624.0,27.0,322.0,20.0,0.0,0.0,0.0,0.0,0.0,0.0,0.0,1615.0,27.0,322.0,29.0,0.0,0.0,0.0,0.0,0.0,0.0,0.0
Mfantseman Municipal,2480657B5340678211162,Central Region,69750345B67040307067067,0.9991496233778596,0,3022.0,62.0,79.0,187.0,0.0,0.0,12.0,67.0,0.0,4.0,0.0,3002.0,58.0,74.0,217.0,0.0,0.0,12.0,67.0,0.0,3.0,0.0
Denkyembour,2480657B53762921220630,Eastern Region,69750345B54645730941985,1.0000000000000009,1,4349.0,245.0,180.0,116.0,0.0,0.0,35.0,3.0,0.0,0.0,0.0,4345.0,251.0,170.0,125.0,0.0,0.0,34.0,3.0,0.0,0.0,0.0
Kumasi Metropolitan,2480657B53854728613413,Ashanti Region,69750345B3295588325057,1.0000000000000002,1,1.0,1.0,0.0,269.0,0.0,0.0,1.0,0.0,0.0,0.0,0.0,1.0,1.0,0.0,270.0,0.0,0.0,0.0,0.0,0.0,0.0,0.0
Kwaebibirem,2480657B54074930978119,Eastern Region,69750345B54645730941985,1.0000000000000007,0,6813.0,628.0,1312.0,119.0,0.0,0.0,0.0,0.0,0.0,0.0,0.0,6803.0,629.0,1315.0,125.0,0.0,0.0,0.0,0.0,0.0,0.0,0.0
Kwahu East,2480657B54162505201867,Eastern Region,69750345B54645730941985,0.9065280764136512,0,4641.0,1415.0,188.0,50.0,0.0,2.0,651.0,0.0,0.0,0.0,0.0,4604.0,1377.0,298.0,52.0,0.0,2.0,614.0,0.0,0.0,0.0,0.0
Lower Manya,2480657B54302337253194,Eastern Region,69750345B54645730941985,0.9870677450733947,0,2573.0,369.0,190.0,57.0,0.0,0.0,36.0,255.0,8.0,0.0,0.0,2548.0,363.0,208.0,71.0,0.0,0.0,35.0,255.0,8.0,0.0,0.0
West Gonja,2480657B54445116346139,Savannah Region,69750345B26994269439887,0.9999999999999983,0,423.0,476.0,43298.0,21.0,0.0,0.0,6938.0,0.0,0.0,1.0,0.0,321.0,416.0,44274.0,32.0,0.0,0.0,6113.0,0.0,0.0,1.0,0.0
Berekum West,2480657B54527757245703,Bono Region,69750345B13833050062966,0.9999999999999977,1,4079.0,335.0,8.0,42.0,0.0,0.0,48.0,0.0,0.0,0.0,0.0,4074.0,335.0,8.0,47.0,0.0,0.0,48.0,0.0,0.0,0.0,0.0
Agona East,2480657B54607197552612,Central Region,69750345B67040307067067,1.0000000000000004,0,3590.0,3.0,0.0,49.0,0.0,0.0,0.0,0.0,0.0,0.0,0.0,3590.0,3.0,0.0,49.0,0.0,0.0,0.0,0.0,0.0,0.0,0.0
Bekwai Municipal,2480657B55478680834493,Ashanti Region,69750345B3295588325057,0.9999999999999989,0,5674.0,98.0,44.0,163.0,0.0,0.0,2.0,0.0,0.0,0.0,0.0,5650.0,93.0,50.0,186.0,0.0,0.0,2.0,0.0,0.0,0.0,0.0
Sunyani Municipal,2480657B55840347650819,Bono Region,69750345B13833050062966,0.9815717365190352,0,4316.0,179.0,727.0,452.0,0.0,0.0,6.0,0.0,0.0,0.0,0.0,4166.0,166.0,728.0,614.0,0.0,0.0,6.0,0.0,0.0,0.0,0.0
Saboba,2480657B56307698722921,Northern Region,69750345B37738609557703,0.9286105623232714,0,6104.0,2227.0,3690.0,0.0,0.0,0.0,7179.0,12.0,0.0,0.0,0.0,6550.0,2185.0,3874.0,0.0,0.0,0.0,6591.0,12.0,0.0,0.0,0.0
Gushegu,2480657B56494255769768,Northern Region,69750345B37738609557703,0.9800389285239197,0,8352.0,4633.0,3710.0,8.0,34.0,0.0,12606.0,0.0,0.0,0.0,0.0,8746.0,4684.0,4674.0,12.0,54.0,0.0,11173.0,0.0,0.0,0.0,0.0
Juaboso,2480657B56579001772859,Western North Region,69750345B35244651716901,0.9971981162650225,0,8806.0,445.0,5685.0,39.0,0.0,0.0,2.0,0.0,0.0,0.0,0.0,8789.0,448.0,5674.0,66.0,0.0,0.0,0.0,0.0,0.0,0.0,0.0
Asutifi South,2480657B57037677938762,Ahafo Region,69750345B39836988306125,0.8987723234331033,1,5414.0,1169.0,41.0,71.0,0.0,0.0,57.0,0.0,0.0,0.0,0.0,5411.0,1168.0,41.0,75.0,0.0,0.0,57.0,0.0,0.0,0.0,0.0
Tempane,2480657B5704764806917,Upper East Region,69750345B7467317238909,0.9980047696513069,0,4307.0,20.0,0.0,1.0,0.0,0.0,2.0,8.0,0.0,0.0,0.0,4307.0,20.0,0.0,1.0,0.0,0.0,2.0,8.0,0.0,0.0,0.0
West Akim,2480657B57614018833162,Eastern Region,69750345B54645730941985,0.9999999999999977,0,4558.0,206.0,469.0,57.0,0.0,0.0,0.0,6.0,0.0,0.0,0.0,4564.0,207.0,461.0,58.0,0.0,0.0,0.0,6.0,0.0,0.0,0.0
Ada East,2480657B57636315193797,Greater Accra Region,69750345B46963341226980,0.8914082147246631,0,1479.0,434.0,167.0,152.0,22.0,15.0,427.0,316.0,236.0,2.0,36.0,1346.0,403.0,174.0,340.0,22.0,10.0,414.0,316.0,223.0,2.0,36.0
Nanumba North,2480657B57712569843933,Northern Region,69750345B37738609557703,0.9999301962105371,0,4194.0,5921.0,11210.0,18.0,0.0,0.0,3412.0,242.0,0.0,4.0,0.0,3872.0,4875.0,13078.0,30.0,0.0,0.0,2900.0,242.0,0.0,4.0,0.0
Bia West,2480657B58435284570364,Western North Region,69750345B35244651716901,0.9923847828404893,0,10189.0,182.0,3597.0,74.0,0.0,0.0,0.0,0.0,0.0,0.0,0.0,10174.0,180.0,3600.0,88.0,0.0,0.0,0.0,0.0,0.0,0.0,0.0
Ahafo Ano South West,2480657B58897854519282,Ashanti Region,69750345B3295588325057,0.9726223394460797,0,3782.0,553.0,1330.0,14.0,0.0,0.0,3.0,0.0,0.0,0.0,0.0,3782.0,553.0,1330.0,16.0,0.0,0.0,1.0,0.0,0.0,0.0,0.0
Okere,2480657B59311092791004,Eastern Region,69750345B54645730941985,0.9999999999999999,0,3410.0,14.0,0.0,11.0,0.0,0.0,0.0,0.0,0.0,0.0,0.0,3410.0,14.0,0.0,11.0,0.0,0.0,0.0,0.0,0.0,0.0,0.0
Amansie West,2480657B59515552665793,Ashanti Region,69750345B3295588325057,1.0000000000000002,1,6427.0,97.0,403.0,168.0,0.0,0.0,1.0,0.0,0.0,0.0,0.0,6350.0,92.0,439.0,214.0,0.0,0.0,1.0,0.0,0.0,0.0,0.0
Kwabre East,2480657B60556198830817,Ashanti Region,69750345B3295588325057,1.0000000000000004,1,1109.0,5.0,0.0,304.0,0.0,0.0,0.0,0.0,0.0,0.0,0.0,867.0,5.0,0.0,546.0,0.0,0.0,0.0,0.0,0.0,0.0,0.0
La-nkwantanang-madina,2480657B60779202001283,Greater Accra Region,69750345B46963341226980,0.9952307308135755,0,462.0,11.0,8.0,376.0,0.0,0.0,2.0,0.0,0.0,0.0,0.0,301.0,0.0,8.0,549.0,0.0,0.0,1.0,0.0,0.0,0.0,0.0
Central Gonja,2480657B60919857809422,Savannah Region,69750345B26994269439887,0.9945572300678813,0,4521.0,1307.0,54527.0,9.0,19.0,23.0,20105.0,1268.0,0.0,0.0,0.0,4251.0,1190.0,58162.0,28.0,19.0,22.0,16838.0,1269.0,0.0,0.0,0.0
Sekyere East,2480657B61321065662810,Ashanti Region,69750345B3295588325057,1.0000000000000016,0,2313.0,47.0,284.0,78.0,0.0,0.0,0.0,0.0,0.0,0.0,0.0,2301.0,47.0,284.0,90.0,0.0,0.0,0.0,0.0,0.0,0.0,0.0
Asante Akim North,2480657B62831767110058,Ashanti Region,69750345B3295588325057,0.9904715173503982,0,7139.0,2042.0,1289.0,60.0,0.0,0.0,1895.0,20.0,0.0,0.0,0.0,7048.0,1971.0,1895.0,76.0,0.0,0.0,1435.0,20.0,0.0,0.0,0.0
Yilo Krobo,2480657B63323125119927,Eastern Region,69750345B54645730941985,0.9999999999999982,0,5065.0,355.0,49.0,34.0,0.0,0.0,39.0,0.0,0.0,0.0,0.0,5027.0,337.0,109.0,39.0,0.0,0.0,30.0,0.0,0.0,0.0,0.0
Kpone Katamanso,2480657B63581433334614,Greater Accra Region,69750345B46963341226980,0.9071285867775037,0,1611.0,405.0,7.0,609.0,0.0,1.0,83.0,35.0,0.0,0.0,0.0,1233.0,174.0,7.0,1267.0,0.0,0.0,35.0,35.0,0.0,0.0,0.0
Nkoranza North,2480657B63998169387071,Bono East Region,69750345B43572680159989,0.9926955364550002,0,870.0,2203.0,12043.0,38.0,0.0,0.0,26.0,0.0,0.0,0.0,0.0,658.0,1833.0,12625.0,38.0,0.0,0.0,26.0,0.0,0.0,0.0,0.0
Abuakwa South,2480657B6434141016984,Eastern Region,69750345B54645730941985,1.0000000000000022,0,3300.0,436.0,161.0,21.0,0.0,0.0,0.0,0.0,0.0,0.0,0.0,3303.0,433.0,160.0,22.0,0.0,0.0,0.0,0.0,0.0,0.0,0.0
Nkwanta North,2480657B6503151283934,Oti Region,69750345B12045161590865,0.9845390014605989,1,3793.0,5701.0,1191.0,26.0,34.0,0.0,641.0,755.0,2.0,0.0,0.0,3738.0,5537.0,1452.0,36.0,28.0,0.0,591.0,761.0,0.0,0.0,0.0
Ahafo Ano North,2480657B6504340506710,Ashanti Region,69750345B3295588325057,0.8678918521969297,0,6311.0,171.0,33.0,44.0,0.0,0.0,52.0,0.0,0.0,0.0,0.0,6303.0,171.0,33.0,52.0,0.0,0.0,52.0,0.0,0.0,0.0,0.0
Atiwa West,2480657B65169023596143,Eastern Region,69750345B54645730941985,0.9999999999999999,1,3807.0,491.0,2197.0,28.0,0.0,0.0,0.0,0.0,0.0,0.0,0.0,3802.0,488.0,2191.0,42.0,0.0,0.0,0.0,0.0,0.0,0.0,0.0
Bongo,2480657B66034837272834,Upper East Region,69750345B7467317238909,0.997235212623742,1,4011.0,325.0,108.0,1.0,0.0,0.0,165.0,59.0,0.0,0.0,0.0,4003.0,305.0,115.0,4.0,0.0,0.0,183.0,59.0,0.0,0.0,0.0
Sekyere South,2480657B66267254954762,Ashanti Region,69750345B3295588325057,1.000000000000001,0,4310.0,241.0,34.0,83.0,0.0,0.0,0.0,0.0,0.0,0.0,0.0,4306.0,241.0,34.0,87.0,0.0,0.0,0.0,0.0,0.0,0.0,0.0
Sawla-tuna-kalba,2480657B66384530229883,Savannah Region,69750345B26994269439887,0.9349586448751404,0,385.0,3569.0,27227.0,14.0,0.0,0.0,14639.0,8.0,0.0,0.0,0.0,398.0,4111.0,28186.0,17.0,0.0,0.0,13122.0,8.0,0.0,0.0,0.0
Shai Osudoku,2480657B66464396810782,Greater Accra Region,69750345B46963341226980,0.5540376157633558,1,5421.0,2038.0,67.0,24.0,0.0,0.0,2927.0,96.0,0.0,0.0,0.0,5244.0,1929.0,241.0,31.0,0.0,0.0,3032.0,96.0,0.0,0.0,0.0
Binduri,2480657B66646573774103,Upper East Region,69750345B7467317238909,0.9999270987332669,0,3423.0,497.0,161.0,0.0,0.0,0.0,347.0,7.0,0.0,0.0,0.0,3433.0,515.0,161.0,0.0,0.0,0.0,319.0,7.0,0.0,0.0,0.0
Weija Gbawe Municipal,2480657B6669757606157,Greater Accra Region,69750345B46963341226980,0.9624646277038069,0,637.0,147.0,30.0,568.0,0.0,29.0,59.0,391.0,18.0,0.0,0.0,299.0,77.0,26.0,997.0,0.0,28.0,43.0,391.0,18.0,0.0,0.0
Mampong Municipal,2480657B66784074859314,Ashanti Region,69750345B3295588325057,1.0000000000000004,1,4375.0,2048.0,924.0,91.0,0.0,0.0,8.0,0.0,0.0,0.0,0.0,4364.0,2007.0,976.0,91.0,0.0,0.0,8.0,0.0,0.0,0.0,0.0
Bawku Municipal,2480657B67017614982997,Upper East Region,69750345B7467317238909,0.9988216358212803,1,2721.0,75.0,0.0,59.0,0.0,2.0,4.0,0.0,0.0,0.0,0.0,2691.0,71.0,0.0,84.0,0.0,2.0,13.0,0.0,0.0,0.0,0.0
Asokore Mampong Municipal,2480657B67032672358324,Ashanti Region,69750345B3295588325057,0.9999999999999993,1,83.0,6.0,0.0,204.0,0.0,19.0,0.0,0.0,0.0,0.0,0.0,33.0,3.0,0.0,273.0,0.0,3.0,0.0,0.0,0.0,0.0,0.0
Tano North Municipal,2480657B68079094729511,Ahafo Region,69750345B39836988306125,0.9112474733824496,0,7508.0,438.0,1213.0,82.0,0.0,0.0,6.0,0.0,0.0,0.0,0.0,7469.0,438.0,1219.0,115.0,0.0,0.0,6.0,0.0,0.0,0.0,0.0
Kasena Nankana East,2480657B68256913631937,Upper East Region,69750345B7467317238909,0.99961513417296,0,3659.0,555.0,2028.0,15.0,193.0,0.0,2202.0,50.0,0.0,0.0,0.0,3599.0,551.0,2964.0,24.0,194.0,0.0,1320.0,50.0,0.0,0.0,0.0
Asene Akroso Manso,2480657B68278489034036,Eastern Region,69750345B54645730941985,0.8791851419441203,1,4177.0,214.0,240.0,35.0,0.0,0.0,6.0,0.0,0.0,0.0,0.0,4176.0,214.0,240.0,36.0,0.0,0.0,6.0,0.0,0.0,0.0,0.0
Kwahu Afram Plains North,2480657B6837938265733,Eastern Region,69750345B54645730941985,0.9204929581910968,0,4194.0,2282.0,5858.0,24.0,0.0,3.0,1701.0,11258.0,24.0,0.0,2.0,3886.0,2101.0,6514.0,26.0,0.0,3.0,1559.0,11178.0,77.0,0.0,2.0
Kwahu South,2480657B68408124911047,Eastern Region,69750345B54645730941985,1.0000000000000016,0,4603.0,2035.0,550.0,58.0,0.0,3.0,513.0,1032.0,0.0,0.0,1.0,4597.0,2031.0,551.0,71.0,0.0,3.0,509.0,1032.0,0.0,0.0,1.0
North Gonja,2480657B69696031481498,Savannah Region,69750345B26994269439887,0.8596017993597246,0,1882.0,1691.0,40063.0,0.0,0.0,0.0,9040.0,14.0,0.0,0.0,0.0,1797.0,1138.0,41757.0,0.0,0.0,0.0,7984.0,14.0,0.0,0.0,0.0
Tema West Municipal,2480657B69717792501029,Greater Accra Region,69750345B46963341226980,0.999395483090907,0,17.0,10.0,0.0,516.0,0.0,0.0,4.0,3.0,0.0,0.0,0.0,0.0,1.0,0.0,546.0,0.0,0.0,0.0,3.0,0.0,0.0,0.0
Jomoro,2480657B70421803893954,Western Region,69750345B38025690459934,0.9586984245821841,0,2884.0,1421.0,11251.0,111.0,0.0,0.0,12.0,654.0,0.0,6.0,0.0,2818.0,1355.0,11367.0,130.0,0.0,0.0,9.0,654.0,0.0,6.0,0.0
Kasena Nankana West,2480657B70680953475259,Upper East Region,69750345B7467317238909,0.9987145803663439,0,4020.0,334.0,1774.0,2.0,0.0,0.0,3653.0,85.0,0.0,0.0,0.0,4120.0,335.0,1843.0,5.0,0.0,0.0,3480.0,85.0,0.0,0.0,0.0
Oforikrom Municipal,2480657B70835976798974,Ashanti Region,69750345B3295588325057,0.9999999999999998,1,178.0,5.0,0.0,370.0,0.0,0.0,5.0,0.0,0.0,0.0,0.0,132.0,4.0,0.0,417.0,0.0,0.0,5.0,0.0,0.0,0.0,0.0
Birim South,2480657B71012260699376,Eastern Region,69750345B54645730941985,0.9949899152710402,0,2818.0,209.0,508.0,23.0,0.0,0.0,0.0,0.0,0.0,0.0,0.0,2815.0,209.0,508.0,26.0,0.0,0.0,0.0,0.0,0.0,0.0,0.0
Prestea/huni Valley,2480657B71205229821948,Western Region,69750345B38025690459934,0.9924484560009025,0,12601.0,3356.0,3491.0,221.0,0.0,4.0,27.0,0.0,0.0,0.0,0.0,12470.0,3317.0,3532.0,356.0,0.0,2.0,23.0,0.0,0.0,0.0,0.0
Upper Manya,2480657B72113427832631,Eastern Region,69750345B54645730941985,1.0000000000000002,1,6464.0,695.0,273.0,12.0,0.0,0.0,71.0,1888.0,0.0,0.0,0.0,6452.0,684.0,289.0,21.0,0.0,0.0,69.0,1888.0,0.0,0.0,0.0
Upper Denkyira West,2480657B72362309510067,Central Region,69750345B67040307067067,0.9058444004423081,0,6127.0,122.0,194.0,62.0,0.0,0.0,0.0,0.0,0.0,0.0,0.0,5836.0,97.0,400.0,172.0,0.0,0.0,0.0,0.0,0.0,0.0,0.0
Zabzugu,2480657B72410528378772,Northern Region,69750345B37738609557703,0.9999999999999984,0,3296.0,4525.0,3199.0,8.0,0.0,0.0,1182.0,38.0,0.0,0.0,0.0,3139.0,3928.0,4224.0,14.0,0.0,0.0,905.0,38.0,0.0,0.0,0.0
Aowin,2480657B72501418673064,Western North Region,69750345B35244651716901,0.994465677124828,0,15088.0,949.0,12233.0,33.0,0.0,0.0,1.0,0.0,0.0,0.0,0.0,15070.0,932.0,12266.0,35.0,0.0,0.0,1.0,0.0,0.0,0.0,0.0
Assin South,2480657B73071492710762,Central Region,69750345B67040307067067,0.9999999999999996,1,8326.0,327.0,3305.0,52.0,0.0,0.0,0.0,0.0,0.0,0.0,0.0,8295.0,324.0,3339.0,52.0,0.0,0.0,0.0,0.0,0.0,0.0,0.0
Krachi Nchumuru,2480657B73751367479109,Oti Region,69750345B12045161590865,0.9998744848504327,0,3015.0,4641.0,1292.0,16.0,0.0,14.0,2282.0,1862.0,3.0,0.0,0.0,2887.0,4345.0,1853.0,22.0,0.0,14.0,2140.0,1862.0,2.0,0.0,0.0
Anloga,2480657B74011824532465,Volta Region,69750345B58204744476950,0.9852176059886927,0,184.0,276.0,1343.0,213.0,18.0,11.0,246.0,364.0,19.0,0.0,0.0,176.0,253.0,1324.0,275.0,12.0,4.0,226.0,388.0,16.0,0.0,0.0
Nabdam,2480657B74414618551217,Upper East Region,69750345B7467317238909,0.9998217016003743,1,1521.0,377.0,563.0,0.0,0.0,0.0,355.0,0.0,0.0,0.0,0.0,1484.0,338.0,652.0,0.0,0.0,0.0,342.0,0.0,0.0,0.0,0.0
Nsawam Adoagyiri,2480657B74727980909537,Eastern Region,69750345B54645730941985,0.999398942162467,0,1921.0,0.0,0.0,65.0,0.0,0.0,0.0,0.0,0.0,0.0,0.0,1884.0,0.0,0.0,102.0,0.0,0.0,0.0,0.0,0.0,0.0,0.0
Ejisu Municipal,2480657B74771824828795,Ashanti Region,69750345B3295588325057,0.9999999999999961,1,4238.0,126.0,30.0,287.0,0.0,0.0,4.0,0.0,0.0,0.0,0.0,4108.0,123.0,30.0,420.0,0.0,0.0,4.0,0.0,0.0,0.0,0.0
Techiman North,2480657B75157144819377,Bono East Region,69750345B43572680159989,0.8880382485984626,0,1030.0,2216.0,1035.0,79.0,0.0,0.0,3.0,0.0,0.0,0.0,0.0,1019.0,2196.0,1057.0,88.0,0.0,0.0,3.0,0.0,0.0,0.0,0.0
Atiwa East,2480657B7526405183619,Eastern Region,69750345B54645730941985,0.9999999999999999,0,3754.0,808.0,1901.0,27.0,0.0,0.0,0.0,0.0,0.0,0.0,0.0,3723.0,813.0,1895.0,59.0,0.0,0.0,0.0,0.0,0.0,0.0,0.0
Bia East,2480657B75704309897075,Western North Region,69750345B35244651716901,0.9582369286673752,0,6726.0,214.0,1658.0,18.0,0.0,0.0,0.0,0.0,0.0,0.0,0.0,6717.0,211.0,1670.0,18.0,0.0,0.0,0.0,0.0,0.0,0.0,0.0
Sissala West,2480657B76140913943028,Upper West Region,69750345B48673213774244,0.9055159183731216,0,8350.0,2605.0,1176.0,0.0,2.0,1.0,10381.0,3.0,0.0,0.0,0.0,8528.0,2886.0,1365.0,0.0,2.0,1.0,9733.0,3.0,0.0,0.0,0.0
Karaga,2480657B76285553918092,Northern Region,69750345B37738609557703,0.9562561597737445,0,11466.0,5714.0,3967.0,3.0,73.0,10.0,12904.0,32.0,0.0,0.0,0.0,11763.0,5821.0,5011.0,7.0,73.0,9.0,11453.0,32.0,0.0,0.0,0.0
Tatale Sanguli,2480657B76540044095481,Northern Region,69750345B37738609557703,0.9870726187515554,1,2668.0,2827.0,5707.0,2.0,0.0,0.0,1064.0,0.0,0.0,0.0,0.0,2600.0,2518.0,6241.0,5.0,0.0,0.0,904.0,0.0,0.0,0.0,0.0
Atebubu Amantin,2480657B7685147466351,Bono East Region,69750345B43572680159989,0.9992464117782467,0,1779.0,1166.0,25443.0,52.0,0.0,1.0,68.0,0.0,0.0,0.0,0.0,1749.0,1155.0,25443.0,87.0,0.0,1.0,74.0,0.0,0.0,0.0,0.0
Ketu South,2480657B7709388821831,Volta Region,69750345B58204744476950,0.9913683241323826,0,1897.0,322.0,36.0,199.0,8.0,31.0,253.0,342.0,30.0,0.0,0.0,1810.0,275.0,32.0,334.0,6.0,19.0,255.0,360.0,27.0,0.0,0.0
Achiase,2480657B77450065295387,Eastern Region,69750345B54645730941985,0.699691535507109,0,3564.0,367.0,644.0,31.0,0.0,0.0,0.0,0.0,0.0,0.0,0.0,3556.0,365.0,654.0,31.0,0.0,0.0,0.0,0.0,0.0,0.0,0.0
Okaikwei North Municipal,2480657B77934780741907,Greater Accra Region,69750345B46963341226980,0.9999999999999994,0,20.0,24.0,0.0,251.0,0.0,0.0,0.0,0.0,0.0,0.0,0.0,19.0,22.0,3.0,251.0,0.0,0.0,0.0,0.0,0.0,0.0,0.0
Kintampo North Municipal,2480657B78031413348906,Bono East Region,69750345B43572680159989,0.9981693528966484,0,913.0,658.0,47048.0,69.0,3.0,10.0,3920.0,173.0,0.0,1.0,0.0,772.0,557.0,47634.0,100.0,3.0,8.0,3547.0,173.0,0.0,1.0,0.0
Berekum East Municipal,2480657B78254100433505,Bono Region,69750345B13833050062966,0.9999999999999971,0,3583.0,1285.0,49.0,217.0,0.0,0.0,24.0,0.0,0.0,0.0,0.0,3572.0,1284.0,51.0,227.0,0.0,0.0,24.0,0.0,0.0,0.0,0.0
Bunkpurugu Nakpanduri,2480657B78318361422462,North East Region,69750345B94584643914501,0.9984209597940032,0,5456.0,1338.0,590.0,1.0,1.0,1.0,1204.0,0.0,0.0,0.0,0.0,5386.0,1215.0,772.0,2.0,1.0,1.0,1214.0,0.0,0.0,0.0,0.0
Krachi West,2480657B78422611914106,Oti Region,69750345B12045161590865,0.9998935257621394,0,819.0,1736.0,2354.0,24.0,0.0,4.0,1753.0,3464.0,4.0,2.0,0.0,739.0,1585.0,2802.0,36.0,0.0,4.0,1527.0,3419.0,46.0,2.0,0.0
Akatsi North,2480657B78562505377679,Volta Region,69750345B58204744476950,0.984240472077317,1,2793.0,673.0,28.0,3.0,0.0,0.0,37.0,0.0,0.0,0.0,0.0,2770.0,669.0,56.0,3.0,0.0,0.0,36.0,0.0,0.0,0.0,0.0
Techiman Municipal,2480657B78695952433486,Bono East Region,69750345B43572680159989,0.8705828865208882,0,3296.0,3146.0,453.0,265.0,0.0,0.0,0.0,0.0,0.0,0.0,0.0,3210.0,3068.0,538.0,344.0,0.0,0.0,0.0,0.0,0.0,0.0,0.0
Jasikan,2480657B79217814678772,Oti Region,69750345B12045161590865,0.994292067907662,0,3395.0,2225.0,579.0,21.0,0.0,0.0,0.0,0.0,0.0,0.0,0.0,3387.0,2225.0,582.0,26.0,0.0,0.0,0.0,0.0,0.0,0.0,0.0
Wassa East,2480657B7921909152770,Western Region,69750345B38025690459934,0.8825665613418703,0,8949.0,1473.0,7449.0,57.0,0.0,0.0,12.0,2.0,0.0,0.0,0.0,9021.0,1510.0,7326.0,72.0,0.0,0.0,11.0,2.0,0.0,0.0,0.0
Sefwi-wiawso,2480657B7942392054994,Western North Region,69750345B35244651716901,0.9745202740104577,1,8347.0,213.0,2479.0,110.0,0.0,0.0,0.0,0.0,0.0,0.0,0.0,8387.0,209.0,2432.0,121.0,0.0,0.0,0.0,0.0,0.0,0.0,0.0
Builsa North,2480657B79468660523811,Upper East Region,69750345B7467317238909,1.0000000000000029,0,3024.0,758.0,2242.0,4.0,44.0,0.0,2992.0,47.0,0.0,0.0,0.0,3073.0,788.0,2588.0,4.0,46.0,0.0,2565.0,47.0,0.0,0.0,0.0
Nandom,2480657B7958262081913,Upper West Region,69750345B48673213774244,0.9999652875692392,0,943.0,2081.0,0.0,2.0,35.0,0.0,1497.0,3.0,4.0,0.0,0.0,947.0,2053.0,13.0,2.0,35.0,0.0,1508.0,3.0,4.0,0.0,0.0
Akatsi South,2480657B79730913179219,Volta Region,69750345B58204744476950,1.0000000000000002,0,4474.0,952.0,196.0,14.0,0.0,0.0,331.0,28.0,0.0,0.0,0.0,4427.0,946.0,241.0,14.0,0.0,0.0,339.0,28.0,0.0,0.0,0.0
Tano South Municipal,2480657B7981851544250,Ahafo Region,69750345B39836988306125,0.8822441113577052,0,4827.0,533.0,46.0,62.0,0.0,0.0,0.0,0.0,0.0,0.0,0.0,4827.0,533.0,46.0,62.0,0.0,0.0,0.0,0.0,0.0,0.0,0.0
Birim Central Municipal,2480657B80684943588404,Eastern Region,69750345B54645730941985,0.9999999999999976,0,1163.0,5.0,0.0,91.0,0.0,0.0,0.0,0.0,0.0,0.0,0.0,1148.0,5.0,0.0,106.0,0.0,0.0,0.0,0.0,0.0,0.0,0.0
Offinso Municipal,2480657B80894926360364,Ashanti Region,69750345B3295588325057,0.9999999999999984,0,5628.0,597.0,176.0,93.0,0.0,0.0,4.0,0.0,0.0,0.0,0.0,5587.0,564.0,235.0,108.0,0.0,0.0,4.0,0.0,0.0,0.0,0.0
Ahanta West Municipal,2480657B81057694902297,Western Region,69750345B38025690459934,0.995990400749382,0,4259.0,726.0,831.0,119.0,0.0,0.0,6.0,208.0,0.0,2.0,0.0,4232.0,721.0,798.0,187.0,0.0,0.0,3.0,208.0,0.0,2.0,0.0
Bibiani-anhwiaso-bekwai Municipal,2480657B81329004729189,Western North Region,69750345B35244651716901,0.950952117506684,0,7041.0,399.0,1545.0,179.0,0.0,10.0,24.0,0.0,0.0,0.0,0.0,7019.0,384.0,1534.0,227.0,0.0,10.0,24.0,0.0,0.0,0.0,0.0
Birim North,2480657B81401264659986,Eastern Region,69750345B54645730941985,0.9950298828313203,1,4658.0,801.0,836.0,72.0,0.0,0.0,0.0,0.0,0.0,0.0,0.0,4589.0,795.0,840.0,143.0,0.0,0.0,0.0,0.0,0.0,0.0,0.0
Gomoa West,2480657B81635079362570,Central Region,69750345B67040307067067,0.9996773439947829,1,3449.0,51.0,133.0,46.0,0.0,10.0,62.0,29.0,0.0,0.0,0.0,3443.0,50.0,140.0,46.0,0.0,10.0,62.0,29.0,0.0,0.0,0.0
Ningo/prampram,2480657B81968156308620,Greater Accra Region,69750345B46963341226980,0.9967715495448315,1,3212.0,1355.0,81.0,282.0,11.0,36.0,1739.0,123.0,3.0,4.0,0.0,2808.0,1098.0,167.0,966.0,7.0,19.0,1654.0,123.0,0.0,4.0,0.0
Effutu Municipal,2480657B83789922051105,Central Region,69750345B67040307067067,0.9291276187637668,0,577.0,122.0,6.0,89.0,4.0,8.0,96.0,96.0,2.0,0.0,0.0,562.0,116.0,6.0,103.0,4.0,7.0,104.0,96.0,2.0,0.0,0.0
East Mamprusi,2480657B84792930556748,North East Region,69750345B94584643914501,0.998770848747512,0,12107.0,2544.0,1659.0,10.0,1.0,1.0,2448.0,0.0,0.0,0.0,0.0,12085.0,2478.0,1924.0,33.0,1.0,3.0,2246.0,0.0,0.0,0.0,0.0
Ashaiman Municipal,2480657B85535261310615,Greater Accra Region,69750345B46963341226980,1.0000000000000009,0,14.0,2.0,0.0,216.0,0.0,0.0,0.0,3.0,0.0,0.0,0.0,1.0,1.0,0.0,230.0,0.0,0.0,0.0,3.0,0.0,0.0,0.0
North Dayi,2480657B8553529614763,Volta Region,69750345B58204744476950,0.8207519273943996,0,1369.0,609.0,706.0,17.0,0.0,0.0,39.0,2425.0,0.0,0.0,0.0,1242.0,490.0,954.0,18.0,0.0,0.0,36.0,2425.0,0.0,0.0,0.0
Dormaa Municipal,2480657B85939384202988,Bono Region,69750345B13833050062966,0.9976587068692433,0,8890.0,1027.0,3094.0,210.0,0.0,0.0,21.0,0.0,0.0,0.0,0.0,8867.0,1024.0,3094.0,236.0,0.0,0.0,21.0,0.0,0.0,0.0,0.0
New Juaben South Municipal,2480657B86034404720136,Eastern Region,69750345B54645730941985,0.9999999999999998,1,508.0,4.0,0.0,142.0,0.0,0.0,0.0,0.0,0.0,0.0,0.0,500.0,4.0,0.0,150.0,0.0,0.0,0.0,0.0,0.0,0.0,0.0
Kwahu Afram Plains South,2480657B87039075961323,Eastern Region,69750345B54645730941985,0.9208207051227356,0,5291.0,1613.0,17143.0,19.0,0.0,0.0,4686.0,4770.0,1.0,0.0,0.0,4365.0,1226.0,19454.0,20.0,0.0,0.0,3685.0,4772.0,1.0,0.0,0.0
Sagnerigu,2480657B87566941811639,Northern Region,69750345B37738609557703,0.9999999999999986,0,1848.0,364.0,0.0,81.0,0.0,0.0,9.0,0.0,0.0,0.0,0.0,1680.0,323.0,0.0,290.0,0.0,0.0,9.0,0.0,0.0,0.0,0.0
Adansi Akrofuom,2480657B88279606337785,Ashanti Region,69750345B3295588325057,0.9970328667630126,0,4172.0,595.0,1497.0,32.0,0.0,0.0,5.0,0.0,0.0,0.0,0.0,4129.0,582.0,1544.0,41.0,0.0,0.0,5.0,0.0,0.0,0.0,0.0
Sissala East,2480657B88326891244380,Upper West Region,69750345B48673213774244,0.9654353462996669,0,10115.0,5937.0,14123.0,0.0,0.0,2.0,25170.0,0.0,0.0,0.0,0.0,10955.0,6870.0,14644.0,0.0,1.0,2.0,22875.0,0.0,0.0,0.0,0.0
La Dade-kotopon,2480657B88791559733000,Greater Accra Region,69750345B46963341226980,0.9985612849132874,0,25.0,13.0,0.0,389.0,0.0,0.0,1.0,9.0,0.0,0.0,0.0,1.0,0.0,0.0,426.0,0.0,0.0,1.0,9.0,0.0,0.0,0.0
Mpohor,2480657B89256099008264,Western Region,69750345B38025690459934,0.9999999999999992,0,4730.0,585.0,490.0,26.0,0.0,0.0,0.0,0.0,0.0,0.0,0.0,4729.0,582.0,492.0,28.0,0.0,0.0,0.0,0.0,0.0,0.0,0.0
Komenda-edina-eguafo-abirem Municipal,2480657B89828953333594,Central Region,69750345B67040307067067,0.9912689429964125,0,4214.0,90.0,318.0,253.0,0.0,0.0,18.0,76.0,0.0,5.0,0.0,4206.0,89.0,313.0,270.0,0.0,0.0,15.0,76.0,0.0,5.0,0.0
West Mamprusi Municipal,2480657B90334619080238,North East Region,69750345B94584643914501,0.9842052159067005,1,10471.0,2629.0,5354.0,9.0,451.0,5.0,9771.0,22.0,0.0,0.0,0.0,11146.0,2762.0,6254.0,30.0,458.0,5.0,8035.0,22.0,0.0,0.0,0.0
Bosomtwe,2480657B90441463194933,Ashanti Region,69750345B3295588325057,1.0000000000000018,0,3890.0,58.0,14.0,217.0,0.0,0.0,0.0,538.0,0.0,0.0,0.0,3794.0,58.0,14.0,313.0,0.0,0.0,0.0,538.0,0.0,0.0,0.0
Ga West Municipal,2480657B90617621807510,Greater Accra Region,69750345B46963341226980,0.8879187589834102,0,1755.0,29.0,24.0,199.0,0.0,17.0,34.0,0.0,0.0,0.0,0.0,1433.0,14.0,21.0,570.0,0.0,8.0,12.0,0.0,0.0,0.0,0.0
Asokwa  Municipal,2480657B91188187265148,Ashanti Region,69750345B3295588325057,0.9999999999999994,1,45.0,6.0,0.0,281.0,0.0,0.0,1.0,0.0,0.0,0.0,0.0,28.0,1.0,0.0,303.0,0.0,0.0,1.0,0.0,0.0,0.0,0.0
Ahafo Ano South East,2480657B91945870955547,Ashanti Region,69750345B3295588325057,0.9999999999999987,0,7158.0,233.0,158.0,32.0,0.0,0.0,2.0,0.0,0.0,0.0,0.0,7155.0,231.0,158.0,37.0,0.0,0.0,2.0,0.0,0.0,0.0,0.0
Jaman South Municipal,2480657B92052873943163,Bono Region,69750345B13833050062966,0.9946382748367866,0,5642.0,1959.0,459.0,127.0,0.0,0.0,105.0,0.0,0.0,0.0,0.0,5637.0,1956.0,460.0,134.0,0.0,0.0,105.0,0.0,0.0,0.0,0.0
Ayawaso Central Municipal,2480657B92273702685271,Greater Accra Region,69750345B46963341226980,1.0,0,0.0,0.0,0.0,29.0,0.0,0.0,0.0,0.0,0.0,0.0,0.0,0.0,0.0,0.0,29.0,0.0,0.0,0.0,0.0,0.0,0.0,0.0
Adansi North,2480657B92670413622569,Ashanti Region,69750345B3295588325057,1.0000000000000016,0,2618.0,128.0,69.0,86.0,0.0,0.0,2.0,0.0,0.0,0.0,0.0,2609.0,127.0,69.0,96.0,0.0,0.0,2.0,0.0,0.0,0.0,0.0
Daffiama Bussie Issa,2480657B92911606303429,Upper West Region,69750345B48673213774244,0.9999999999999966,0,415.0,832.0,742.0,0.0,0.0,0.0,14053.0,0.0,0.0,0.0,0.0,460.0,909.0,934.0,0.0,0.0,0.0,13739.0,0.0,0.0,0.0,0.0
South Tongu,2480657B92948775681515,Volta Region,69750345B58204744476950,0.9691977979590676,0,4862.0,1053.0,345.0,44.0,4.0,0.0,538.0,296.0,0.0,0.0,0.0,4750.0,1012.0,417.0,52.0,3.0,0.0,611.0,297.0,0.0,0.0,0.0
Sunyani West,2480657B93462158202754,Bono Region,69750345B13833050062966,0.9951987129336655,1,9945.0,1502.0,4.0,216.0,0.0,0.0,0.0,0.0,0.0,0.0,0.0,9900.0,1496.0,4.0,267.0,0.0,0.0,0.0,0.0,0.0,0.0,0.0
Kpandai,2480657B93484130612637,Northern Region,69750345B37738609557703,0.9893056362046274,0,2401.0,5814.0,1834.0,8.0,4.0,1.0,1621.0,848.0,14.0,0.0,0.0,2192.0,5334.0,2677.0,11.0,4.0,1.0,1461.0,851.0,14.0,0.0,0.0
Yendi Municipal,2480657B94460481801793,Northern Region,69750345B37738609557703,1.0000000000000007,0,4425.0,2959.0,3410.0,39.0,5.0,0.0,5125.0,0.0,0.0,2.0,0.0,4542.0,2694.0,4027.0,58.0,8.0,0.0,4634.0,0.0,0.0,2.0,0.0
Kwadaso Municipal,2480657B94630675221037,Ashanti Region,69750345B3295588325057,1.0,0,124.0,6.0,0.0,640.0,0.0,0.0,0.0,0.0,0.0,0.0,0.0,35.0,2.0,0.0,733.0,0.0,0.0,0.0,0.0,0.0,0.0,0.0
Ledzokuku Municipal,2480657B94892111901595,Greater Accra Region,69750345B46963341226980,0.9946974328413678,1,1.0,0.0,0.0,352.0,0.0,0.0,1.0,13.0,0.0,0.0,0.0,0.0,0.0,0.0,353.0,0.0,0.0,1.0,13.0,0.0,0.0,0.0
New Juaben North Municipal,2480657B95199515281033,Eastern Region,69750345B54645730941985,0.9999999999999992,1,1083.0,97.0,0.0,49.0,0.0,0.0,0.0,0.0,0.0,0.0,0.0,1079.0,97.0,0.0,53.0,0.0,0.0,0.0,0.0,0.0,0.0,0.0
Lambussie-karni,2480657B9523556036154,Upper West Region,69750345B48673213774244,0.9628858822862688,0,1291.0,3293.0,27.0,2.0,3.0,1.0,4431.0,2.0,0.0,0.0,0.0,1270.0,3254.0,40.0,5.0,3.0,1.0,4475.0,2.0,0.0,0.0,0.0
Asunafo North Municipal,2480657B96138797401471,Ahafo Region,69750345B39836988306125,0.9770508043331415,0,9331.0,433.0,5500.0,134.0,0.0,0.0,8.0,0.0,0.0,0.0,0.0,9301.0,432.0,5514.0,151.0,0.0,0.0,8.0,0.0,0.0,0.0,0.0
Nanton,2480657B96271436146347,Northern Region,69750345B37738609557703,0.9999999999999997,1,2749.0,1878.0,128.0,0.0,49.0,0.0,526.0,2.0,0.0,0.0,0.0,2746.0,1868.0,241.0,0.0,49.0,0.0,426.0,2.0,0.0,0.0,0.0
Krowor Municipal,2480657B96734395613726,Greater Accra Region,69750345B46963341226980,0.9936445092311197,1,0.0,0.0,0.0,240.0,0.0,0.0,0.0,10.0,0.0,0.0,0.0,0.0,0.0,0.0,240.0,0.0,0.0,0.0,10.0,0.0,0.0,0.0
Sefwi Akontombra,2480657B96818528094138,Western North Region,69750345B35244651716901,0.9989180985934633,0,8036.0,159.0,4078.0,18.0,0.0,0.0,0.0,0.0,0.0,0.0,0.0,8060.0,160.0,4051.0,20.0,0.0,0.0,0.0,0.0,0.0,0.0,0.0
Ga Central Municipal,2480657B96936068561499,Greater Accra Region,69750345B46963341226980,1.0000000000000009,0,192.0,34.0,4.0,329.0,0.0,0.0,4.0,40.0,0.0,0.0,0.0,56.0,26.0,4.0,476.0,0.0,0.0,2.0,39.0,0.0,0.0,0.0
Adansi South,2480657B97463209696641,Ashanti Region,69750345B3295588325057,0.9989379321991527,0,6397.0,280.0,1735.0,46.0,0.0,0.0,2.0,0.0,0.0,0.0,0.0,6399.0,276.0,1732.0,51.0,0.0,0.0,2.0,0.0,0.0,0.0,0.0
Garu,2480657B97498759939018,Upper East Region,69750345B7467317238909,0.9993107872429746,0,4442.0,844.0,892.0,5.0,0.0,0.0,1305.0,2.0,0.0,0.0,0.0,4385.0,805.0,1001.0,12.0,0.0,0.0,1285.0,2.0,0.0,0.0,0.0
Asutifi North,2480657B98266466330064,Ahafo Region,69750345B39836988306125,0.9476536789134212,0,5843.0,650.0,3646.0,116.0,0.0,1.0,9.0,29.0,0.0,0.0,0.0,5752.0,639.0,3671.0,196.0,0.0,0.0,7.0,29.0,0.0,0.0,0.0
Upper West Akim,2480657B98999442599484,Eastern Region,69750345B54645730941985,0.9054769728432879,0,3819.0,2.0,0.0,15.0,0.0,0.0,0.0,0.0,0.0,0.0,0.0,3819.0,2.0,0.0,15.0,0.0,0.0,0.0,0.0,0.0,0.0,0.0
Shama,2480657B99130964172058,Western Region,69750345B38025690459934,0.9298254884002773,1,1656.0,80.0,276.0,102.0,0.0,0.0,12.0,58.0,0.0,15.0,0.0,1624.0,74.0,270.0,149.0,0.0,0.0,9.0,58.0,0.0,15.0,0.0
Kumbungu,2480657B99246651758289,Northern Region,69750345B37738609557703,0.951033263275321,0,4908.0,994.0,4658.0,0.0,67.0,0.0,6340.0,123.0,0.0,2.0,0.0,5012.0,944.0,5408.0,0.0,66.0,0.0,5537.0,123.0,0.0,2.0,0.0
Ablekuma Central Municipal,2480657B99533750399286,Greater Accra Region,69750345B46963341226980,1.0,0,0.0,0.0,0.0,183.0,0.0,0.0,0.0,0.0,0.0,0.0,0.0,0.0,0.0,0.0,183.0,0.0,0.0,0.0,0.0,0.0,0.0,0.0
Pusiga,2480657B9973692574538,Upper East Region,69750345B7467317238909,0.9973246408541986,0,2889.0,36.0,4.0,4.0,0.0,1.0,2.0,0.0,0.0,0.0,0.0,2878.0,36.0,4.0,15.0,0.0,1.0,2.0,0.0,0.0,0.0,0.0
